Module,Task ID,Task Name,Status,ETA,Priority,Owner / Assigned To,Notes
=== CUSTOMER MODULE ===,,,,,,,
Customer,C1,Booking Flow UI + UX Finalization,In Progress,Nov 2,High,,
Customer,C2,Add Thank You Page (✅ animation),Done,-,Low,,
Customer,C3,Feedback Widget Integration (show + submit),Done,-,Low,,
Customer,C4,Feedback Database Connection (Firestore),Done,-,Low,,
Customer,C5,Booking Confirmation Redirect to Feedback,Pending,Nov 2,High,,
Customer,C6,OTP Verification for Booking Users,Done,-,High,,
Customer,C7,Mobile Responsive Layout Fixes,In Progress,Nov 3,Medium,,
Customer,C8,Customer Dashboard Summary (My Bookings),Planned,Nov 5,Medium,,
Customer,C9,Service Rating + Edit Feedback,Planned,Nov 6,Medium,,
Customer,C10,Push Notification Integration,Future,Nov 10,Low,,
=== SERVICE PROVIDER MODULE ===,,,,,,,
Service Provider,S1,Provider Registration Form + OTP,In Progress,Nov 3,High,,
Service Provider,S2,Provider Dashboard (Earnings + Bookings),Planned,Nov 4,Medium,,
Service Provider,S3,Service Category Selection UI,Done,-,Low,,
Service Provider,S4,Availability Toggle (Online/Offline),Planned,Nov 5,Medium,,
Service Provider,S5,Add/View Feedback by Customers,Pending,Nov 5,Medium,,
Service Provider,S6,Provider Profile Edit & Upload (Photo, Docs),Planned,Nov 6,Medium,,
Service Provider,S7,Earnings Summary Graph,Planned,Nov 7,Medium,,
Service Provider,S8,Logout + Account Delete Flow,Done,-,Low,,
=== ADMIN / OPERATIONS ===,,,,,,,
Admin,A1,Admin Login & Role Guard,Done,-,Low,,
Admin,A2,Dashboard Overview (Bookings, Feedback),Done,-,Low,,
Admin,A3,Reports UI – Bookings Summary Table,In Progress,Nov 2,Medium,,
Admin,A4,Feedback Review Page,Planned,Nov 3,Medium,,
Admin,A5,Bug Tracker Integration (auto import sheet),Pending,Nov 4,Medium,,
Admin,A6,Add User Management Tab,Planned,Nov 5,Medium,,
Admin,A7,Analytics Graph (Bookings Trend, Feedback Rating),Planned,Nov 6,Medium,,
Admin,A8,Admin Notification Control (Email/Push),Future,Nov 9,Low,,
Admin,A9,Firestore Role Update APIs,Done,-,Low,,
=== COSTING & PAYMENTS ===,,,,,,,
Payments,P1,Costing Table Schema (Firestore),Done,-,Low,,
Payments,P2,Admin Service Cost Override,Pending,Nov 4,High,,
Payments,P3,Dynamic GST + Platform Fee Calculation,Pending,Nov 4,High,,
Payments,P4,Payment Gateway (Stripe/Razorpay),Future,Nov 7,Medium,,
Payments,P5,Auto Email Receipt after Payment,Planned,Nov 8,Medium,,
Payments,P6,Refund / Cancellation Logic,Future,Nov 10,Low,,
=== REPORTS & ANALYTICS ===,,,,,,,
Reports,R1,Feedback Summary Report,Pending,Nov 5,Medium,,
Reports,R2,Waitlist User Growth Report,Pending,Nov 5,Medium,,
Reports,R3,Booking Revenue Chart (Month-wise),Planned,Nov 6,Medium,,
Reports,R4,Export to CSV/PDF,Planned,Nov 6,Medium,,
Reports,R5,Dashboard Graph for Daily Bookings,Planned,Nov 6,Medium,,
Reports,R6,Service Category Trend Analysis,Planned,Nov 8,Medium,,
=== BACKEND / INFRASTRUCTURE ===,,,,,,,
Backend,B1,Firebase Hosting (Production + Dev),Done,-,Low,,
Backend,B2,Firestore Rules + Optimization,Done,-,Low,,
Backend,B3,Firebase Auth Domain Whitelist,Done,-,Low,,
Backend,B4,Automatic Daily Backup (Cloud Function),Done,-,Low,,
Backend,B5,CI/CD with GitHub Actions + Vercel,Pending,Nov 1,Medium,,
Backend,B6,Error Logging via Firebase Functions,Planned,Nov 4,Medium,,
Backend,B7,Analytics Event Tracking,Planned,Nov 6,Medium,,
Backend,B8,Firebase Region Failover Setup,Future,Nov 10,Low,,
=== BUG / ISSUE TRACKER ===,,,,,,,
Bug,BG1,Create Tracker Sheet (auto),Done,-,Low,,
Bug,BG2,Add Conditional Color Logic,Pending,Nov 1,Medium,,
Bug,BG3,Auto ID Generator (B001...),Done,-,Low,,
Bug,BG4,Link Admin “Bugs” Tab to Sheet,Planned,Nov 3,Medium,,
Bug,BG5,Add Auto “Last Updated” Cell,Pending,Nov 1,Medium,,
Bug,BG6,Daily Report Export to PDF,Planned,Nov 6,Medium,,
=== DASHBOARD SUMMARY ===,,,,,,,
Summary,CS1,Customer Features,80%,100%,Medium,,
Summary,CS2,Provider Features,60%,100%,In Progress,,
Summary,CS3,Admin Features,70%,100%,Medium,,
Summary,CS4,Costing,40%,100%,Low,,
Summary,CS5,Backend,85%,100%,Stable,,
Summary,CS6,Reports/Analytics,50%,100%,Medium,,
Summary,CS7,Bugs Fixed,2,20,Medium,,
Summary,CS8,Overall Project Progress,67%,100%,On Track,,
